insert into public.users (id, user_name, email, role, enabled)
values  (1, 'Maxym', 'belosh59@gmail.com', 'ADMIN', true),
        (51, 'Bogdan', 'bogdan.parashchak@gmail.com', 'ADMIN', true),
        (101, 'Taras', 'taras.orlovskyi@gmail.com', 'ADMIN', true),
        (151, 'Tolik', 'trubintolik@gmail.com', 'ADMIN', true),
        (201, 'Kostya', 'kos.nikolaev@gmail.com', 'ADMIN', true),
        (251, 'Zhenya', 'e.podzirey@gmail.com', 'ADMIN', true),
        (301, 'Nastya', 'nastyabondarenko870@gmail.com', 'ADMIN', true),
        (351, 'Sasha', 'abhramatanga@gmail.com', 'ADMIN', true),
        (401, 'Natali', 'natali.poroshina@gmail.com', 'ADMIN', true),
        (451, 'Artem', 'artemzhivolup@gmail.com', 'ADMIN', true);

insert into public.cars (id, name, licence_plate, driver, weight_capacity, cooler, available, travel_cost)
values  (1, 'Mercedes Sprinter', 'AA 3333 CT', 'Anton Geraschenko', 2500, true, true, 15),
        (51, 'Mercedes 818', 'AA 4444 CT', 'Serhiy Kotovich', 4000, false, true, 20),
        (101, 'Mercedes Sprinter', 'AA 1111 CT', 'Oleg Dudka', 2000, false, true, 12),
        (151, 'Mercedes Vito', 'AA 2222 CT', 'Ivan Piddubny', 1000, false, true, 10);

insert into public.deliveries (id, delivery_date, status)
values  ('4f0a02c1-083c-4d62-b678-2c5eea17f6d1', '2022-09-15', 'DRAFT'),
        ('d667c8f0-b961-49c6-b6bc-3f9a98b6c5da', '2022-09-14', 'APPROVED');

insert into public.grandedolce_addresses (order_address, client_name, valid_address, latitude, longitude)
values  ('м. Київ, вул. Металістів, 8, оф. 4-24', 'ТОВ "Пекарня', 'м. Київ, вул. Металістів, 8, оф. 4-24', 50.4500010000000, 30.5233330000000),
        ('м. Київ, вул. Хрещатик, 1', 'ТОВ "Кондитерська', 'м. Київ, вул. Хрещатик, 1', 50.4500011000000, 30.5233334000000),
        ('м. Київ, вул. Глибочицька, 12Б, оф. 3', 'ТОВ "Хлібзавод', 'м. Київ, вул. Глибочицька, 12Б, оф. 3', 50.4500011000000, 30.5233334000000);

insert into public.car_loads (id, delivery_id, car_id)
values  ('a7bdd2c5-1d65-4dad-8ae5-57213c96f7ba', '4f0a02c1-083c-4d62-b678-2c5eea17f6d1', 51),
        ('8587e3ce-e7ee-4ba3-92b1-8396c423e372', 'd667c8f0-b961-49c6-b6bc-3f9a98b6c5da', 101),
        ('8587e3ce-e7ee-4ba3-92b1-8396c423e100', 'd667c8f0-b961-49c6-b6bc-3f9a98b6c5da', 151);

insert into public.grandedolce_orders (id, order_number, created_date, client_name, address, manager, order_weight, products, ref_key, comment, delivery_id, car_load_id, is_frozen, delivery_start, delivery_finish)
values  (1, '123', '2022-09-14', 'ТОВ "Кондитерська', 'м. Київ, вул. Хрещатик, 1', 'Ірина Шефір', 750.00, '[{"amount": 10, "storeName": "Склад №1", "unitWeight": 15.0, "productName": "Глазур кондитерська біла (диски) (15 кг)", "totalProductWeight": 150.0}, {"amount": 10, "storeName": "Склад №1", "unitWeight": 15.0, "productName": "Глазур кондитерська чорна (диски) (15 кг)", "totalProductWeight": 150.0}, {"amount": 4, "storeName": "Склад №1", "unitWeight": 13.0, "productName": "Каравела горіхова паста (AX52CG) 13 кг", "totalProductWeight": 52.0}, {"amount": 3, "storeName": "Склад №1", "unitWeight": 10.0, "productName": "Наповнювач персик джем (г/я 10кг)", "totalProductWeight": 30.0}]', 'ref1', 'Терміново', 'd667c8f0-b961-49c6-b6bc-3f9a98b6c5da', '8587e3ce-e7ee-4ba3-92b1-8396c423e372', true, '09:00:00', '17:00:00'),
        (51, '254', '2022-09-15', 'ТОВ "Хлібзавод', 'м. Київ, вул. Глибочицька, 12Б, оф. 3', 'Антон Василенко', 532.00, '[{"amount": 30, "storeName": "Склад №1", "unitWeight": 15.0, "productName": "Глазур кондитерська чорна (диски) (15 кг)", "totalProductWeight": 450.0}, {"amount": 4, "storeName": "Склад №1", "unitWeight": 13.0, "productName": "Каравела горіхова паста (AX52CG) 13 кг", "totalProductWeight": 52.0}, {"amount": 3, "storeName": "Склад №1", "unitWeight": 10.0, "productName": "Наповнювач персик джем (г/я 10кг)", "totalProductWeight": 30.0}]', 'ref2', '', '4f0a02c1-083c-4d62-b678-2c5eea17f6d1', 'a7bdd2c5-1d65-4dad-8ae5-57213c96f7ba', false, '09:30:00', '16:30:00'),
        (101, '432', '2022-09-14', 'ТОВ "Хлібзавод', 'м. Київ, вул. Глибочицька, 12Б, оф. 3', 'Ірина Шефір', 1420.00, '[{"amount": 20, "storeName": "Склад №1", "unitWeight": 15.0, "productName": "Глазур кондитерська біла (диски) (15 кг)", "totalProductWeight": 300.0}, {"amount": 20, "storeName": "Склад №1", "unitWeight": 15.0, "productName": "Глазур кондитерська чорна (диски) (15 кг)", "totalProductWeight": 300.0}, {"amount": 40, "storeName": "Склад №1", "unitWeight": 13.0, "productName": "Каравела горіхова паста (AX52CG) 13 кг", "totalProductWeight": 520.0}, {"amount": 30, "storeName": "Склад №1", "unitWeight": 10.0, "productName": "Наповнювач персик джем (г/я 10кг)", "totalProductWeight": 300.0}]', 'ref3', '', 'd667c8f0-b961-49c6-b6bc-3f9a98b6c5da', '8587e3ce-e7ee-4ba3-92b1-8396c423e372', false, '09:00:00', '14:00:00'),
        (151, '254', '2022-09-15', 'ТОВ "Пекарня', 'м. Київ, вул. Металістів, 8, оф. 4-24', 'Андрій Бугаенєко', 382.00, '[{"amount": 10, "storeName": "Склад №1", "unitWeight": 15.0, "productName": "Глазур кондитерська біла (диски) (15 кг)", "totalProductWeight": 150.0}, {"amount": 10, "storeName": "Склад №1", "unitWeight": 15.0, "productName": "Глазур кондитерська чорна (диски) (15 кг)", "totalProductWeight": 150.0}, {"amount": 4, "storeName": "Склад №1", "unitWeight": 13.0, "productName": "Каравела горіхова паста (AX52CG) 13 кг", "totalProductWeight": 52.0}, {"amount": 3, "storeName": "Склад №1", "unitWeight": 10.0, "productName": "Наповнювач персик джем (г/я 10кг)", "totalProductWeight": 30.0}]', 'ref4', 'Забрати документи', '4f0a02c1-083c-4d62-b678-2c5eea17f6d1', 'a7bdd2c5-1d65-4dad-8ae5-57213c96f7ba', false,'10:00:00', '15:00:00');

insert into public.routes (id, status, distance, start_time, finish_time, total_weight, total_points, total_orders, estimated_time, spent_time, optimization, route_points, delivery_id, car_id, store_id)
values  (1, 'APPROVED', 250.95, null, null, 2000.20, 3, 5, 480, 0, true, '[{"id": "741a37c1-8f13-4335-95f6-a5b14aaf7fbd", "orders": [{"id": 9, "orderNumber": "986453"}, {"id": 10, "orderNumber": "426457"}, {"id": 12, "orderNumber": "586126"}], "status": "DONE", "address": "м. Київ, вул. Молодогвардійська, 22, оф. 35", "clientId": 1, "clientName": "ТОВ Пекарня", "completedAt": "2022-08-08T12:23:23", "addressTotalWeight": 804.98, "routePointDistantTime": 60}, {"id": "93e632fa-18a6-11ed-861d-0242ac120002", "orders": [{"id": 3, "orderNumber": "45463"}], "status": "DONE", "address": "м. Київ, вул. Глибочицька, 12Б, оф. 3", "clientId": 2, "clientName": "ТОВ Кондитерська", "completedAt": "2022-08-08T15:45:12", "addressTotalWeight": 5.5, "routePointDistantTime": 180}, {"id": "148b44a8-3fce-45fd-91f2-fccabbb52525", "orders": [{"id": 5, "orderNumber": "432565"}], "status": "DONE", "address": "м. Київ, вул. Хрещатик, 1", "clientId": 3, "clientName": "ТОВ Хлібзавод", "completedAt": "2022-08-08T19:38:19", "addressTotalWeight": 338.28, "routePointDistantTime": 240}]', 'd667c8f0-b961-49c6-b6bc-3f9a98b6c5da', 101, '5688492e-ede4-45d3-923b-5f9773fd3d4b'),
        (51, 'COMPLETED', 310.50, null, null, 1970.40, 3, 4, 480, 5400, true, '[{"id": "741a37c1-8f13-4335-95f6-a5b14aaf7fbd", "orders": [{"id": 9, "orderNumber": "986453"}, {"id": 10, "orderNumber": "426457"}, {"id": 12, "orderNumber": "586126"}], "status": "DONE", "address": "м. Київ, вул. Молодогвардійська, 22, оф. 35", "clientId": 1, "clientName": "ТОВ Пекарня", "completedAt": "2022-08-08T12:23:23", "addressTotalWeight": 804.98, "routePointDistantTime": 60}, {"id": "93e632fa-18a6-11ed-861d-0242ac120002", "orders": [{"id": 3, "orderNumber": "45463"}], "status": "DONE", "address": "м. Київ, вул. Глибочицька, 12Б, оф. 3", "clientId": 2, "clientName": "ТОВ Кондитерська", "completedAt": "2022-08-08T15:45:12", "addressTotalWeight": 5.5, "routePointDistantTime": 180}, {"id": "148b44a8-3fce-45fd-91f2-fccabbb52525", "orders": [{"id": 5, "orderNumber": "432565"}], "status": "DONE", "address": "м. Київ, вул. Хрещатик, 1", "clientId": 3, "clientName": "ТОВ Хлібзавод", "completedAt": "2022-08-08T19:38:19", "addressTotalWeight": 338.28, "routePointDistantTime": 240}]', '4f0a02c1-083c-4d62-b678-2c5eea17f6d1', 51, '5688492e-ede4-45d3-923b-5f9773fd3d4b'),
        (101, 'INCOMPLETE', 152.00, null, null, 750.00, 2, 3, 340, 600, true, '[{"id": "741a37c1-8f13-4335-95f6-a5b14aaf7fbd", "orders": [{"id": 9, "orderNumber": "986453"}, {"id": 10, "orderNumber": "426457"}, {"id": 12, "orderNumber": "586126"}], "status": "DONE", "address": "м. Київ, вул. Молодогвардійська, 22, оф. 35", "clientId": 1, "clientName": "ТОВ Пекарня", "completedAt": "2022-08-08T12:23:23", "addressTotalWeight": 804.98, "routePointDistantTime": 60}, {"id": "93e632fa-18a6-11ed-861d-0242ac120002", "orders": [{"id": 3, "orderNumber": "45463"}], "status": "DONE", "address": "м. Київ, вул. Глибочицька, 12Б, оф. 3", "clientId": 2, "clientName": "ТОВ Кондитерська", "completedAt": "2022-08-08T15:45:12", "addressTotalWeight": 5.5, "routePointDistantTime": 180}, {"id": "148b44a8-3fce-45fd-91f2-fccabbb52525", "orders": [{"id": 5, "orderNumber": "432565"}], "status": "DONE", "address": "м. Київ, вул. Хрещатик, 1", "clientId": 3, "clientName": "ТОВ Хлібзавод", "completedAt": "2022-08-08T19:38:19", "addressTotalWeight": 338.28, "routePointDistantTime": 240}]', '4f0a02c1-083c-4d62-b678-2c5eea17f6d1', 151, '5688492e-ede4-45d3-923b-5f9773fd3d4b');

insert into public.store(id, name, address, latitude, longitude)
values ('5688492e-ede4-45d3-923b-5f9773fd3d4b', 'Склад №1', '15, Калинова вулиця, Фастів, Фастівська міська громада, Фастівський район, Київська область, 08500, Україна', 50.08340335, 29.885050630832627);